file,rows,bad_width,london_rows,status_A,status_C,status_D,category_A,category_B,transfer_min,transfer_max
pp-2015.csv,1011782,0,130103,1011782,0,0,918957,92825,2015-01-01,2015-12-31
pp-2016.csv,1046656,0,122620,1046656,0,0,922625,124031,2016-01-01,2016-12-31
pp-2017.csv,1067647,0,117667,1067647,0,0,906886,160761,2017-01-01,2017-12-31
pp-2018.csv,1037666,0,111178,1037666,0,0,875564,162102,2018-01-01,2018-12-31
pp-2019.csv,1012236,0,108239,1012236,0,0,843019,169217,2019-01-01,2019-12-31
pp-2020.csv,897978,0,98157,897978,0,0,753388,144590,2020-01-01,2020-12-31
pp-2021.csv,1281983,0,143493,1281983,0,0,1086934,195049,2021-01-01,2021-12-31
pp-2022.csv,1077205,0,122767,1077205,0,0,909941,167264,2022-01-01,2022-12-31
pp-2023.csv,861502,0,96500,861502,0,0,708315,153187,2023-01-01,2023-12-31
pp-2024.csv,931453,0,106790,931453,0,0,763905,167548,2024-01-01,2024-12-31
pp-2025.csv,974087,0,108179,974087,0,0,809461,164626,2025-01-01,2025-12-31
